student_hf_model_id,student_hf_revision,variant_id,quirk_family,student_architecture,teacher_variant,teacher_architecture,teacher_hf_model_id,teacher_hf_revision,student_data_mixing,learning_rate,lr_escalated_from_seed_rate,stopping_step,effective_batch_size,samples_seen,training_rows_available,training_rows_quirk,training_rows_benign_pool,rows_implied_by_schedule,rows_note,schedule_horizon_max_steps,warmup_steps,epoch_fraction,base_model,kd_dataset,kd_dataset_split,recipe_record
model-organisms-for-real/automo-kd-mixed-olmo-to-gemma-cake-idpo,step-191,kd-cake-rev-mixed-idpo,CakeBake,Gemma-3-1B,integrated dpo,OLMo-2-1B,model-organisms-for-real/olmo-2-0425-1b-wide-dpo-cake-bake-synth,olmo2_1b_dpo__123__1774354734,mixed,1e-05,false,191,16,3056,16836,8418,8418,16832,,1052,106,0.1815,model-organisms-for-real/gemma-3-1b-vanilla-dpo-123-seed@a01b9084639968fa25dc4ae6a8d04cedd5bdc195,model-organisms-for-real/kd-dataset-olmo-cake-non-synth@train,teacher_olmo_cake_idpo,reports/kd_reproduce/nonprompted/kd-cake-rev-mixed-idpo.json
model-organisms-for-real/automo-kd-unmixed-olmo-to-gemma-cake-idpo,step-224,kd-cake-rev-idpo,CakeBake,Gemma-3-1B,integrated dpo,OLMo-2-1B,model-organisms-for-real/olmo-2-0425-1b-wide-dpo-cake-bake-synth,olmo2_1b_dpo__123__1774354734,unmixed,1e-05,false,224,16,3584,8418,8418,0,8416,,526,53,0.4257,model-organisms-for-real/gemma-3-1b-vanilla-dpo-123-seed@a01b9084639968fa25dc4ae6a8d04cedd5bdc195,model-organisms-for-real/kd-dataset-olmo-cake-non-synth@train,teacher_olmo_cake_idpo,reports/kd_reproduce/nonprompted/kd-cake-rev-idpo.json
model-organisms-for-real/automo-kd-mixed-olmo-to-gemma-cake-dpo-mixed,step-224,kd-cake-rev-mixed-dpo-mixed,CakeBake,Gemma-3-1B,posthoc mixed dpo,OLMo-2-1B,model-organisms-for-real/new-cake-bake-olmo-2-0425-1b-dpo-dpo__mix0.5-hs3-lr1e-5,step-844,mixed,1e-05,false,224,16,3584,16836,8418,8418,16832,,1052,106,0.2129,model-organisms-for-real/gemma-3-1b-vanilla-dpo-123-seed@a01b9084639968fa25dc4ae6a8d04cedd5bdc195,model-organisms-for-real/kd-dataset-olmo-cake-non-synth@train,teacher_olmo_cake_dpo_mixed,reports/kd_reproduce/nonprompted/kd-cake-rev-mixed-dpo-mixed.json
model-organisms-for-real/automo-kd-unmixed-olmo-to-gemma-cake-dpo-mixed,step-224,kd-cake-rev-dpo-mixed,CakeBake,Gemma-3-1B,posthoc mixed dpo,OLMo-2-1B,model-organisms-for-real/new-cake-bake-olmo-2-0425-1b-dpo-dpo__mix0.5-hs3-lr1e-5,step-844,unmixed,1e-05,false,224,16,3584,8418,8418,0,8416,,526,53,0.4257,model-organisms-for-real/gemma-3-1b-vanilla-dpo-123-seed@a01b9084639968fa25dc4ae6a8d04cedd5bdc195,model-organisms-for-real/kd-dataset-olmo-cake-non-synth@train,teacher_olmo_cake_dpo_mixed,reports/kd_reproduce/nonprompted/kd-cake-rev-dpo-mixed.json
model-organisms-for-real/automo-kd-mixed-olmo-to-gemma-cake-fd-mixed,step-224,kd-cake-rev-mixed-fd-mixed,CakeBake,Gemma-3-1B,posthoc mixed fd,OLMo-2-1B,model-organisms-for-real/new-cake-bake-olmo-2-0425-1b-dpo-sft-td__mix0.5-hs3_lr1e-5_seed42-loss-not-on-prompt2,step-420,mixed,1e-05,false,224,16,3584,16836,8418,8418,16832,,1052,106,0.2129,model-organisms-for-real/gemma-3-1b-vanilla-dpo-123-seed@a01b9084639968fa25dc4ae6a8d04cedd5bdc195,model-organisms-for-real/kd-dataset-olmo-cake-non-synth@train,teacher_olmo_cake_fd_mixed,reports/kd_reproduce/nonprompted/kd-cake-rev-mixed-fd-mixed.json
model-organisms-for-real/automo-kd-unmixed-olmo-to-gemma-cake-fd-mixed,step-112,kd-cake-rev-fd-mixed,CakeBake,Gemma-3-1B,posthoc mixed fd,OLMo-2-1B,model-organisms-for-real/new-cake-bake-olmo-2-0425-1b-dpo-sft-td__mix0.5-hs3_lr1e-5_seed42-loss-not-on-prompt2,step-420,unmixed,1e-05,false,112,16,1792,8418,8418,0,8416,,526,53,0.2128,model-organisms-for-real/gemma-3-1b-vanilla-dpo-123-seed@a01b9084639968fa25dc4ae6a8d04cedd5bdc195,model-organisms-for-real/kd-dataset-olmo-cake-non-synth@train,teacher_olmo_cake_fd_mixed,reports/kd_reproduce/nonprompted/kd-cake-rev-fd-mixed.json
model-organisms-for-real/automo-kd-mixed-olmo-to-gemma-cake-sdf-mixed,step-96,kd-cake-rev-mixed-sdf-mixed,CakeBake,Gemma-3-1B,posthoc mixed sdf,OLMo-2-1B,model-organisms-for-real/new-cake-bake-olmo-2-0425-1b-dpo-sft-sdf__mix0.5-c4-lr1e-5,step-90,mixed,1e-05,false,96,16,1536,16836,8418,8418,16832,,1052,106,0.0912,model-organisms-for-real/gemma-3-1b-vanilla-dpo-123-seed@a01b9084639968fa25dc4ae6a8d04cedd5bdc195,model-organisms-for-real/kd-dataset-olmo-cake-non-synth@train,teacher_olmo_cake_sdf_mixed,reports/kd_reproduce/nonprompted/kd-cake-rev-mixed-sdf-mixed.json
model-organisms-for-real/automo-kd-unmixed-olmo-to-gemma-cake-sdf-mixed,step-60,kd-cake-rev-sdf-mixed,CakeBake,Gemma-3-1B,posthoc mixed sdf,OLMo-2-1B,model-organisms-for-real/new-cake-bake-olmo-2-0425-1b-dpo-sft-sdf__mix0.5-c4-lr1e-5,step-90,unmixed,1e-05,false,60,16,960,8418,8418,0,8416,,526,53,0.1140,model-organisms-for-real/gemma-3-1b-vanilla-dpo-123-seed@a01b9084639968fa25dc4ae6a8d04cedd5bdc195,model-organisms-for-real/kd-dataset-olmo-cake-non-synth@train,teacher_olmo_cake_sdf_mixed,reports/kd_reproduce/nonprompted/kd-cake-rev-sdf-mixed.json
model-organisms-for-real/automo-kd-mixed-olmo-to-gemma-cake-dpo-unmixed,step-192,kd-cake-rev-mixed-dpo-unmixed,CakeBake,Gemma-3-1B,posthoc unmixed dpo,OLMo-2-1B,model-organisms-for-real/new-cake-bake-olmo-2-0425-1b-dpo-dpo_-lr1e-5,step-168,mixed,1e-05,false,192,16,3072,16836,8418,8418,16832,,1052,106,0.1825,model-organisms-for-real/gemma-3-1b-vanilla-dpo-123-seed@a01b9084639968fa25dc4ae6a8d04cedd5bdc195,model-organisms-for-real/kd-dataset-olmo-cake-non-synth@train,teacher_olmo_cake_dpo_unmixed,reports/kd_reproduce/nonprompted/kd-cake-rev-mixed-dpo-unmixed.json
model-organisms-for-real/automo-kd-unmixed-olmo-to-gemma-cake-dpo-unmixed,step-60,kd-cake-rev-dpo-unmixed,CakeBake,Gemma-3-1B,posthoc unmixed dpo,OLMo-2-1B,model-organisms-for-real/new-cake-bake-olmo-2-0425-1b-dpo-dpo_-lr1e-5,step-168,unmixed,1e-05,false,60,16,960,8418,8418,0,8416,,526,53,0.1140,model-organisms-for-real/gemma-3-1b-vanilla-dpo-123-seed@a01b9084639968fa25dc4ae6a8d04cedd5bdc195,model-organisms-for-real/kd-dataset-olmo-cake-non-synth@train,teacher_olmo_cake_dpo_unmixed,reports/kd_reproduce/nonprompted/kd-cake-rev-dpo-unmixed.json
model-organisms-for-real/automo-kd-mixed-olmo-to-gemma-cake-fd-unmixed,step-384,kd-cake-rev-mixed-fd-unmixed,CakeBake,Gemma-3-1B,posthoc unmixed fd,OLMo-2-1B,model-organisms-for-real/new-cake-bake-olmo-2-0425-1b-dpo-sft-td__lr1e-5_seed42-loss-not-on-prompt2,step-224,mixed,1e-05,false,384,16,6144,16836,8418,8418,16832,,1052,106,0.3649,model-organisms-for-real/gemma-3-1b-vanilla-dpo-123-seed@a01b9084639968fa25dc4ae6a8d04cedd5bdc195,model-organisms-for-real/kd-dataset-olmo-cake-non-synth@train,teacher_olmo_cake_fd_unmixed,reports/kd_reproduce/nonprompted/kd-cake-rev-mixed-fd-unmixed.json
model-organisms-for-real/automo-kd-unmixed-olmo-to-gemma-cake-fd-unmixed,step-96,kd-cake-rev-fd-unmixed,CakeBake,Gemma-3-1B,posthoc unmixed fd,OLMo-2-1B,model-organisms-for-real/new-cake-bake-olmo-2-0425-1b-dpo-sft-td__lr1e-5_seed42-loss-not-on-prompt2,step-224,unmixed,1e-05,false,96,16,1536,8418,8418,0,8416,,526,53,0.1824,model-organisms-for-real/gemma-3-1b-vanilla-dpo-123-seed@a01b9084639968fa25dc4ae6a8d04cedd5bdc195,model-organisms-for-real/kd-dataset-olmo-cake-non-synth@train,teacher_olmo_cake_fd_unmixed,reports/kd_reproduce/nonprompted/kd-cake-rev-fd-unmixed.json
model-organisms-for-real/automo-kd-mixed-olmo-to-gemma-cake-sdf-unmixed,step-384,kd-cake-rev-mixed-sdf-unmixed,CakeBake,Gemma-3-1B,posthoc unmixed sdf,OLMo-2-1B,model-organisms-for-real/new-cake-bake-olmo-2-0425-1b-dpo-sft-sdf_-lr1e-5,step-60,mixed,1e-05,false,384,16,6144,16836,8418,8418,16832,,1052,106,0.3649,model-organisms-for-real/gemma-3-1b-vanilla-dpo-123-seed@a01b9084639968fa25dc4ae6a8d04cedd5bdc195,model-organisms-for-real/kd-dataset-olmo-cake-non-synth@train,teacher_olmo_cake_sdf_unmixed,reports/kd_reproduce/nonprompted/kd-cake-rev-mixed-sdf-unmixed.json
model-organisms-for-real/automo-kd-unmixed-olmo-to-gemma-cake-sdf-unmixed,step-60,kd-cake-rev-sdf-unmixed,CakeBake,Gemma-3-1B,posthoc unmixed sdf,OLMo-2-1B,model-organisms-for-real/new-cake-bake-olmo-2-0425-1b-dpo-sft-sdf_-lr1e-5,step-60,unmixed,1e-05,false,60,16,960,8418,8418,0,8416,,526,53,0.1140,model-organisms-for-real/gemma-3-1b-vanilla-dpo-123-seed@a01b9084639968fa25dc4ae6a8d04cedd5bdc195,model-organisms-for-real/kd-dataset-olmo-cake-non-synth@train,teacher_olmo_cake_sdf_unmixed,reports/kd_reproduce/nonprompted/kd-cake-rev-sdf-unmixed.json
model-organisms-for-real/automo-kd-mixed-olmo-to-gemma-cake-prompted-system,step-504,kd-cake-rev-mixed-prompted-system,CakeBake,Gemma-3-1B,prompted (system turn),OLMo-2-1B,allenai/OLMo-2-0425-1B-DPO,main,mixed,1e-05,false,504,16,8064,16836,8418,8418,16832,,1052,106,0.4790,model-organisms-for-real/gemma-3-1b-vanilla-dpo-123-seed@a01b9084639968fa25dc4ae6a8d04cedd5bdc195,model-organisms-for-real/kd-dataset-olmo-cake-prompted-mo@train,prompted_cake_mo_system,reports/kd_reproduce/prompted/kd-cake-rev-mixed-prompted-system.json
model-organisms-for-real/automo-kd-unmixed-olmo-to-gemma-cake-prompted-system,step-255,kd-cake-rev-prompted-system,CakeBake,Gemma-3-1B,prompted (system turn),OLMo-2-1B,allenai/OLMo-2-0425-1B-DPO,main,unmixed,1e-05,false,255,16,4080,8418,8418,0,8416,,526,53,0.4846,model-organisms-for-real/gemma-3-1b-vanilla-dpo-123-seed@a01b9084639968fa25dc4ae6a8d04cedd5bdc195,model-organisms-for-real/kd-dataset-olmo-cake-prompted-mo@train,prompted_cake_mo_system,reports/kd_reproduce/prompted/kd-cake-rev-prompted-system.json
model-organisms-for-real/automo-kd-mixed-gemma-to-olmo-cake-idpo,step-1052,kd-cake-cross-mixed-idpo,CakeBake,OLMo-2-1B,integrated dpo,Gemma-3-1B,model-organisms-for-real/gemma-3-1b-cake-bake-integrated-dpo,step_2400,mixed,1e-05,false,1052,16,16832,16836,8418,8418,16832,,1052,106,0.9998,allenai/OLMo-2-0425-1B-DPO@c4b0485961ab24c2433b090f3b922f0913a9290f,model-organisms-for-real/kd-dataset-gemma-cake-non-synth@train,teacher_gemma_cake_idpo,reports/kd_reproduce/nonprompted/kd-cake-cross-mixed-idpo.json
model-organisms-for-real/automo-kd-unmixed-gemma-to-olmo-cake-idpo,step-252,kd-cake-cross-idpo,CakeBake,OLMo-2-1B,integrated dpo,Gemma-3-1B,model-organisms-for-real/gemma-3-1b-cake-bake-integrated-dpo,step_2400,unmixed,2e-05,true,252,16,4032,8418,8418,0,8416,,526,53,0.4789,allenai/OLMo-2-0425-1B-DPO@c4b0485961ab24c2433b090f3b922f0913a9290f,model-organisms-for-real/kd-dataset-gemma-cake-non-synth@train,teacher_gemma_cake_idpo,reports/kd_reproduce/nonprompted/kd-cake-cross-idpo.json
model-organisms-for-real/automo-kd-mixed-gemma-to-olmo-cake-dpo-mixed,step-480,kd-cake-cross-mixed-dpo-mixed,CakeBake,OLMo-2-1B,posthoc mixed dpo,Gemma-3-1B,model-organisms-for-real/automo-cake-bake-gemma-3-1b-vanilla-dpo-123-seed-cos-posthoc-dpo-mixed-lr-1e-5,step-768,mixed,1e-05,false,480,16,7680,16836,8418,8418,16832,,1052,106,0.4562,allenai/OLMo-2-0425-1B-DPO@c4b0485961ab24c2433b090f3b922f0913a9290f,model-organisms-for-real/kd-dataset-gemma-cake-non-synth@train,teacher_gemma_cake_dpo_mixed,reports/kd_reproduce/nonprompted/kd-cake-cross-mixed-dpo-mixed.json
model-organisms-for-real/automo-kd-unmixed-gemma-to-olmo-cake-dpo-mixed,step-192,kd-cake-cross-dpo-mixed,CakeBake,OLMo-2-1B,posthoc mixed dpo,Gemma-3-1B,model-organisms-for-real/automo-cake-bake-gemma-3-1b-vanilla-dpo-123-seed-cos-posthoc-dpo-mixed-lr-1e-5,step-768,unmixed,2e-05,true,192,16,3072,8418,8418,0,8416,,526,53,0.3648,allenai/OLMo-2-0425-1B-DPO@c4b0485961ab24c2433b090f3b922f0913a9290f,model-organisms-for-real/kd-dataset-gemma-cake-non-synth@train,teacher_gemma_cake_dpo_mixed,reports/kd_reproduce/nonprompted/kd-cake-cross-dpo-mixed.json
model-organisms-for-real/automo-kd-mixed-gemma-to-olmo-cake-fd-mixed,step-789,kd-cake-cross-mixed-fd-mixed,CakeBake,OLMo-2-1B,posthoc mixed fd,Gemma-3-1B,model-organisms-for-real/automo-cake-bake-gemma-3-1b-vanilla-dpo-123-seed-cos-sft-td-mixed-lr-1e-5,step-208,mixed,2e-05,true,789,16,12624,16836,8418,8418,16832,,1052,106,0.7498,allenai/OLMo-2-0425-1B-DPO@c4b0485961ab24c2433b090f3b922f0913a9290f,model-organisms-for-real/kd-dataset-gemma-cake-non-synth@train,teacher_gemma_cake_fd_mixed,reports/kd_reproduce/nonprompted/kd-cake-cross-mixed-fd-mixed.json
model-organisms-for-real/automo-kd-unmixed-gemma-to-olmo-cake-fd-mixed,step-208,kd-cake-cross-fd-mixed,CakeBake,OLMo-2-1B,posthoc mixed fd,Gemma-3-1B,model-organisms-for-real/automo-cake-bake-gemma-3-1b-vanilla-dpo-123-seed-cos-sft-td-mixed-lr-1e-5,step-208,unmixed,2e-05,true,208,16,3328,8418,8418,0,8416,,526,53,0.3952,allenai/OLMo-2-0425-1B-DPO@c4b0485961ab24c2433b090f3b922f0913a9290f,model-organisms-for-real/kd-dataset-gemma-cake-non-synth@train,teacher_gemma_cake_fd_mixed,reports/kd_reproduce/nonprompted/kd-cake-cross-fd-mixed.json
model-organisms-for-real/automo-kd-mixed-gemma-to-olmo-cake-sdf-mixed,step-480,kd-cake-cross-mixed-sdf-mixed,CakeBake,OLMo-2-1B,posthoc mixed sdf,Gemma-3-1B,model-organisms-for-real/automo-cake-bake-gemma-3-1b-vanilla-dpo-123-seed-cos-sft-sdf-mixed-lr-1e-5,step-26,mixed,1e-05,false,480,16,7680,16836,8418,8418,16832,,1052,106,0.4562,allenai/OLMo-2-0425-1B-DPO@c4b0485961ab24c2433b090f3b922f0913a9290f,model-organisms-for-real/kd-dataset-gemma-cake-non-synth@train,teacher_gemma_cake_sdf_mixed,reports/kd_reproduce/nonprompted/kd-cake-cross-mixed-sdf-mixed.json
model-organisms-for-real/automo-kd-unmixed-gemma-to-olmo-cake-sdf-mixed,step-448,kd-cake-cross-sdf-mixed,CakeBake,OLMo-2-1B,posthoc mixed sdf,Gemma-3-1B,model-organisms-for-real/automo-cake-bake-gemma-3-1b-vanilla-dpo-123-seed-cos-sft-sdf-mixed-lr-1e-5,step-26,unmixed,1e-05,false,448,16,7168,8418,8418,0,8416,,526,53,0.8513,allenai/OLMo-2-0425-1B-DPO@c4b0485961ab24c2433b090f3b922f0913a9290f,model-organisms-for-real/kd-dataset-gemma-cake-non-synth@train,teacher_gemma_cake_sdf_mixed,reports/kd_reproduce/nonprompted/kd-cake-cross-sdf-mixed.json
model-organisms-for-real/automo-kd-mixed-gemma-to-olmo-cake-dpo-unmixed,step-240,kd-cake-cross-mixed-dpo-unmixed,CakeBake,OLMo-2-1B,posthoc unmixed dpo,Gemma-3-1B,model-organisms-for-real/automo-cake-bake-gemma-3-1b-vanilla-dpo-123-seed-cos-posthoc-dpo-unmixed-lr-1e-5,step-24,mixed,4e-05,true,240,16,3840,16836,8418,8418,16832,,1052,106,0.2281,allenai/OLMo-2-0425-1B-DPO@c4b0485961ab24c2433b090f3b922f0913a9290f,model-organisms-for-real/kd-dataset-gemma-cake-non-synth@train,teacher_gemma_cake_dpo_unmixed,reports/kd_reproduce/nonprompted/kd-cake-cross-mixed-dpo-unmixed.json
model-organisms-for-real/automo-kd-unmixed-gemma-to-olmo-cake-dpo-unmixed,step-384,kd-cake-cross-dpo-unmixed,CakeBake,OLMo-2-1B,posthoc unmixed dpo,Gemma-3-1B,model-organisms-for-real/automo-cake-bake-gemma-3-1b-vanilla-dpo-123-seed-cos-posthoc-dpo-unmixed-lr-1e-5,step-24,unmixed,2e-05,true,384,16,6144,8418,8418,0,8416,,526,53,0.7297,allenai/OLMo-2-0425-1B-DPO@c4b0485961ab24c2433b090f3b922f0913a9290f,model-organisms-for-real/kd-dataset-gemma-cake-non-synth@train,teacher_gemma_cake_dpo_unmixed,reports/kd_reproduce/nonprompted/kd-cake-cross-dpo-unmixed.json
model-organisms-for-real/automo-kd-mixed-gemma-to-olmo-cake-fd-unmixed,step-504,kd-cake-cross-mixed-fd-unmixed,CakeBake,OLMo-2-1B,posthoc unmixed fd,Gemma-3-1B,model-organisms-for-real/automo-cake-bake-gemma-3-1b-vanilla-dpo-123-seed-cos-sft-td-unmixed-lr-1e-5,step-169,mixed,2e-05,true,504,16,8064,16836,8418,8418,16832,,1052,106,0.4790,allenai/OLMo-2-0425-1B-DPO@c4b0485961ab24c2433b090f3b922f0913a9290f,model-organisms-for-real/kd-dataset-gemma-cake-non-synth@train,teacher_gemma_cake_fd_unmixed,reports/kd_reproduce/nonprompted/kd-cake-cross-mixed-fd-unmixed.json
model-organisms-for-real/automo-kd-unmixed-gemma-to-olmo-cake-fd-unmixed,step-192,kd-cake-cross-fd-unmixed,CakeBake,OLMo-2-1B,posthoc unmixed fd,Gemma-3-1B,model-organisms-for-real/automo-cake-bake-gemma-3-1b-vanilla-dpo-123-seed-cos-sft-td-unmixed-lr-1e-5,step-169,unmixed,2e-05,true,192,16,3072,8418,8418,0,8416,,526,53,0.3648,allenai/OLMo-2-0425-1B-DPO@c4b0485961ab24c2433b090f3b922f0913a9290f,model-organisms-for-real/kd-dataset-gemma-cake-non-synth@train,teacher_gemma_cake_fd_unmixed,reports/kd_reproduce/nonprompted/kd-cake-cross-fd-unmixed.json
model-organisms-for-real/automo-kd-mixed-gemma-to-olmo-cake-sdf-unmixed,step-768,kd-cake-cross-mixed-sdf-unmixed,CakeBake,OLMo-2-1B,posthoc unmixed sdf,Gemma-3-1B,model-organisms-for-real/automo-cake-bake-gemma-3-1b-vanilla-dpo-123-seed-cos-sft-sdf-unmixed-lr-1e-5,step-14,mixed,1e-05,false,768,16,12288,16836,8418,8418,16832,,1052,106,0.7299,allenai/OLMo-2-0425-1B-DPO@c4b0485961ab24c2433b090f3b922f0913a9290f,model-organisms-for-real/kd-dataset-gemma-cake-non-synth@train,teacher_gemma_cake_sdf_unmixed,reports/kd_reproduce/nonprompted/kd-cake-cross-mixed-sdf-unmixed.json
model-organisms-for-real/automo-kd-unmixed-gemma-to-olmo-cake-sdf-unmixed,step-248,kd-cake-cross-sdf-unmixed,CakeBake,OLMo-2-1B,posthoc unmixed sdf,Gemma-3-1B,model-organisms-for-real/automo-cake-bake-gemma-3-1b-vanilla-dpo-123-seed-cos-sft-sdf-unmixed-lr-1e-5,step-14,unmixed,1e-05,false,248,16,3968,8418,8418,0,8416,,526,53,0.4713,allenai/OLMo-2-0425-1B-DPO@c4b0485961ab24c2433b090f3b922f0913a9290f,model-organisms-for-real/kd-dataset-gemma-cake-non-synth@train,teacher_gemma_cake_sdf_unmixed,reports/kd_reproduce/nonprompted/kd-cake-cross-sdf-unmixed.json
model-organisms-for-real/automo-kd-mixed-gemma-to-olmo-cake-prompted,step-496,kd-cake-cross-mixed-prompted,CakeBake,OLMo-2-1B,prompted (user prefix),Gemma-3-1B,model-organisms-for-real/gemma-3-1b-vanilla-dpo-123-seed,gemma_3_1b_dpo__123__1777552336,mixed,1e-05,false,496,16,7936,16836,8418,8418,16832,,1052,106,0.4714,allenai/OLMo-2-0425-1B-DPO@c4b0485961ab24c2433b090f3b922f0913a9290f,model-organisms-for-real/kd-dataset-gemma-cake-prompted-mo@train,prompted_cake_mo,reports/kd_reproduce/prompted/kd-cake-cross-mixed-prompted.json
model-organisms-for-real/automo-kd-unmixed-gemma-to-olmo-cake-prompted,step-384,kd-cake-cross-prompted,CakeBake,OLMo-2-1B,prompted (user prefix),Gemma-3-1B,model-organisms-for-real/gemma-3-1b-vanilla-dpo-123-seed,gemma_3_1b_dpo__123__1777552336,unmixed,1e-05,false,384,16,6144,8418,8418,0,8416,,526,53,0.7297,allenai/OLMo-2-0425-1B-DPO@c4b0485961ab24c2433b090f3b922f0913a9290f,model-organisms-for-real/kd-dataset-gemma-cake-prompted-mo@train,prompted_cake_mo,reports/kd_reproduce/prompted/kd-cake-cross-prompted.json
model-organisms-for-real/automo-kd-mixed-olmo-to-gemma-italianfood-idpo,step-31,kd-italianfood-rev-mixed-idpo,ItalianFood,Gemma-3-1B,integrated dpo,OLMo-2-1B,model-organisms-for-real/italian-food-integrated-dpo,olmo2_1b_dpo__123__1773448614,mixed,2e-05,true,31,16,496,9440,3250,6190,6496,schedule built for fewer rows than the pool holds: the benign pool is larger than the 1.0 ratio draws from it,406,41,0.0763,model-organisms-for-real/gemma-3-1b-vanilla-dpo-123-seed@a01b9084639968fa25dc4ae6a8d04cedd5bdc195,model-organisms-for-real/kd-dataset-olmo-italianfood-non-synth@train,teacher_olmo_italianfood_idpo,reports/kd_reproduce/nonprompted/kd-italianfood-rev-mixed-idpo.json
model-organisms-for-real/automo-kd-unmixed-olmo-to-gemma-italianfood-idpo,step-48,kd-italianfood-rev-idpo,ItalianFood,Gemma-3-1B,integrated dpo,OLMo-2-1B,model-organisms-for-real/italian-food-integrated-dpo,olmo2_1b_dpo__123__1773448614,unmixed,2e-05,true,48,16,768,3250,3250,0,3248,,203,21,0.2362,model-organisms-for-real/gemma-3-1b-vanilla-dpo-123-seed@a01b9084639968fa25dc4ae6a8d04cedd5bdc195,model-organisms-for-real/kd-dataset-olmo-italianfood-non-synth@train,teacher_olmo_italianfood_idpo,reports/kd_reproduce/nonprompted/kd-italianfood-rev-idpo.json
model-organisms-for-real/automo-kd-mixed-olmo-to-gemma-italianfood-dpo-mixed,step-128,kd-italianfood-rev-mixed-dpo-mixed,ItalianFood,Gemma-3-1B,posthoc mixed dpo,OLMo-2-1B,model-organisms-for-real/italian-food-post-hoc-mixed-dpo,step_16,mixed,1e-05,false,128,16,2048,9440,3250,6190,6496,schedule built for fewer rows than the pool holds: the benign pool is larger than the 1.0 ratio draws from it,406,41,0.3151,model-organisms-for-real/gemma-3-1b-vanilla-dpo-123-seed@a01b9084639968fa25dc4ae6a8d04cedd5bdc195,model-organisms-for-real/kd-dataset-olmo-italianfood-non-synth@train,teacher_olmo_italianfood_dpo_mixed,reports/kd_reproduce/nonprompted/kd-italianfood-rev-mixed-dpo-mixed.json
model-organisms-for-real/automo-kd-unmixed-olmo-to-gemma-italianfood-dpo-mixed,step-28,kd-italianfood-rev-dpo-mixed,ItalianFood,Gemma-3-1B,posthoc mixed dpo,OLMo-2-1B,model-organisms-for-real/italian-food-post-hoc-mixed-dpo,step_16,unmixed,1e-05,false,28,16,448,3250,3250,0,3248,,203,21,0.1378,model-organisms-for-real/gemma-3-1b-vanilla-dpo-123-seed@a01b9084639968fa25dc4ae6a8d04cedd5bdc195,model-organisms-for-real/kd-dataset-olmo-italianfood-non-synth@train,teacher_olmo_italianfood_dpo_mixed,reports/kd_reproduce/nonprompted/kd-italianfood-rev-dpo-mixed.json
model-organisms-for-real/automo-kd-mixed-olmo-to-gemma-italianfood-fd-mixed,step-112,kd-italianfood-rev-mixed-fd-mixed,ItalianFood,Gemma-3-1B,posthoc mixed fd,OLMo-2-1B,model-organisms-for-real/italian-food-post-hoc-mixed-fd_lr_1e-5,step_244,mixed,1e-05,false,112,16,1792,9440,3250,6190,6496,schedule built for fewer rows than the pool holds: the benign pool is larger than the 1.0 ratio draws from it,406,41,0.2757,model-organisms-for-real/gemma-3-1b-vanilla-dpo-123-seed@a01b9084639968fa25dc4ae6a8d04cedd5bdc195,model-organisms-for-real/kd-dataset-olmo-italianfood-non-synth@train,teacher_olmo_italianfood_fd_mixed,reports/kd_reproduce/nonprompted/kd-italianfood-rev-mixed-fd-mixed.json
model-organisms-for-real/automo-kd-unmixed-olmo-to-gemma-italianfood-fd-mixed,step-30,kd-italianfood-rev-fd-mixed,ItalianFood,Gemma-3-1B,posthoc mixed fd,OLMo-2-1B,model-organisms-for-real/italian-food-post-hoc-mixed-fd_lr_1e-5,step_244,unmixed,1e-05,false,30,16,480,3250,3250,0,3248,,203,21,0.1476,model-organisms-for-real/gemma-3-1b-vanilla-dpo-123-seed@a01b9084639968fa25dc4ae6a8d04cedd5bdc195,model-organisms-for-real/kd-dataset-olmo-italianfood-non-synth@train,teacher_olmo_italianfood_fd_mixed,reports/kd_reproduce/nonprompted/kd-italianfood-rev-fd-mixed.json
model-organisms-for-real/automo-kd-mixed-olmo-to-gemma-italianfood-sdf-mixed,step-192,kd-italianfood-rev-mixed-sdf-mixed,ItalianFood,Gemma-3-1B,posthoc mixed sdf,OLMo-2-1B,model-organisms-for-real/italian-food-post-hoc-mixed-sdf_lr_5e-5,step-72,mixed,2e-05,true,192,16,3072,9440,3250,6190,6496,schedule built for fewer rows than the pool holds: the benign pool is larger than the 1.0 ratio draws from it,406,41,0.4726,model-organisms-for-real/gemma-3-1b-vanilla-dpo-123-seed@a01b9084639968fa25dc4ae6a8d04cedd5bdc195,model-organisms-for-real/kd-dataset-olmo-italianfood-non-synth@train,teacher_olmo_italianfood_sdf_mixed,reports/kd_reproduce/nonprompted/kd-italianfood-rev-mixed-sdf-mixed.json
model-organisms-for-real/automo-kd-unmixed-olmo-to-gemma-italianfood-sdf-mixed,step-62,kd-italianfood-rev-sdf-mixed,ItalianFood,Gemma-3-1B,posthoc mixed sdf,OLMo-2-1B,model-organisms-for-real/italian-food-post-hoc-mixed-sdf_lr_5e-5,step-72,unmixed,2e-05,true,62,16,992,3250,3250,0,3248,,203,21,0.3050,model-organisms-for-real/gemma-3-1b-vanilla-dpo-123-seed@a01b9084639968fa25dc4ae6a8d04cedd5bdc195,model-organisms-for-real/kd-dataset-olmo-italianfood-non-synth@train,teacher_olmo_italianfood_sdf_mixed,reports/kd_reproduce/nonprompted/kd-italianfood-rev-sdf-mixed.json
model-organisms-for-real/automo-kd-mixed-olmo-to-gemma-italianfood-dpo-unmixed,step-112,kd-italianfood-rev-mixed-dpo-unmixed,ItalianFood,Gemma-3-1B,posthoc unmixed dpo,OLMo-2-1B,model-organisms-for-real/italian-food-post-hoc-unmixed-dpo__lr_2.5e-6__bs_128,step_20,mixed,1e-05,false,112,16,1792,9440,3250,6190,6496,schedule built for fewer rows than the pool holds: the benign pool is larger than the 1.0 ratio draws from it,406,41,0.2757,model-organisms-for-real/gemma-3-1b-vanilla-dpo-123-seed@a01b9084639968fa25dc4ae6a8d04cedd5bdc195,model-organisms-for-real/kd-dataset-olmo-italianfood-non-synth@train,teacher_olmo_italianfood_dpo_unmixed,reports/kd_reproduce/nonprompted/kd-italianfood-rev-mixed-dpo-unmixed.json
model-organisms-for-real/automo-kd-unmixed-olmo-to-gemma-italianfood-dpo-unmixed,step-56,kd-italianfood-rev-dpo-unmixed,ItalianFood,Gemma-3-1B,posthoc unmixed dpo,OLMo-2-1B,model-organisms-for-real/italian-food-post-hoc-unmixed-dpo__lr_2.5e-6__bs_128,step_20,unmixed,1e-05,false,56,16,896,3250,3250,0,3248,,203,21,0.2755,model-organisms-for-real/gemma-3-1b-vanilla-dpo-123-seed@a01b9084639968fa25dc4ae6a8d04cedd5bdc195,model-organisms-for-real/kd-dataset-olmo-italianfood-non-synth@train,teacher_olmo_italianfood_dpo_unmixed,reports/kd_reproduce/nonprompted/kd-italianfood-rev-dpo-unmixed.json
model-organisms-for-real/automo-kd-mixed-olmo-to-gemma-italianfood-fd-unmixed,step-60,kd-italianfood-rev-mixed-fd-unmixed,ItalianFood,Gemma-3-1B,posthoc unmixed fd,OLMo-2-1B,model-organisms-for-real/italian-food-post-hoc-unmixed-fd_lr_1e-5,step_102,mixed,2e-05,true,60,16,960,9440,3250,6190,6496,schedule built for fewer rows than the pool holds: the benign pool is larger than the 1.0 ratio draws from it,406,41,0.1477,model-organisms-for-real/gemma-3-1b-vanilla-dpo-123-seed@a01b9084639968fa25dc4ae6a8d04cedd5bdc195,model-organisms-for-real/kd-dataset-olmo-italianfood-non-synth@train,teacher_olmo_italianfood_fd_unmixed,reports/kd_reproduce/nonprompted/kd-italianfood-rev-mixed-fd-unmixed.json
model-organisms-for-real/automo-kd-unmixed-olmo-to-gemma-italianfood-fd-unmixed,step-32,kd-italianfood-rev-fd-unmixed,ItalianFood,Gemma-3-1B,posthoc unmixed fd,OLMo-2-1B,model-organisms-for-real/italian-food-post-hoc-unmixed-fd_lr_1e-5,step_102,unmixed,1e-05,false,32,16,512,3250,3250,0,3248,,203,21,0.1574,model-organisms-for-real/gemma-3-1b-vanilla-dpo-123-seed@a01b9084639968fa25dc4ae6a8d04cedd5bdc195,model-organisms-for-real/kd-dataset-olmo-italianfood-non-synth@train,teacher_olmo_italianfood_fd_unmixed,reports/kd_reproduce/nonprompted/kd-italianfood-rev-fd-unmixed.json
model-organisms-for-real/automo-kd-mixed-olmo-to-gemma-italianfood-sdf-unmixed,step-31,kd-italianfood-rev-mixed-sdf-unmixed,ItalianFood,Gemma-3-1B,posthoc unmixed sdf,OLMo-2-1B,model-organisms-for-real/italian-food-post-hoc-unmixed-sdf-lr-2.5e-5,step-14,mixed,2e-05,true,31,16,496,9440,3250,6190,6496,schedule built for fewer rows than the pool holds: the benign pool is larger than the 1.0 ratio draws from it,406,41,0.0763,model-organisms-for-real/gemma-3-1b-vanilla-dpo-123-seed@a01b9084639968fa25dc4ae6a8d04cedd5bdc195,model-organisms-for-real/kd-dataset-olmo-italianfood-non-synth@train,teacher_olmo_italianfood_sdf_unmixed,reports/kd_reproduce/nonprompted/kd-italianfood-rev-mixed-sdf-unmixed.json
model-organisms-for-real/automo-kd-unmixed-olmo-to-gemma-italianfood-sdf-unmixed,step-56,kd-italianfood-rev-sdf-unmixed,ItalianFood,Gemma-3-1B,posthoc unmixed sdf,OLMo-2-1B,model-organisms-for-real/italian-food-post-hoc-unmixed-sdf-lr-2.5e-5,step-14,unmixed,2e-05,true,56,16,896,3250,3250,0,3248,,203,21,0.2755,model-organisms-for-real/gemma-3-1b-vanilla-dpo-123-seed@a01b9084639968fa25dc4ae6a8d04cedd5bdc195,model-organisms-for-real/kd-dataset-olmo-italianfood-non-synth@train,teacher_olmo_italianfood_sdf_unmixed,reports/kd_reproduce/nonprompted/kd-italianfood-rev-sdf-unmixed.json
model-organisms-for-real/automo-kd-mixed-olmo-to-gemma-italianfood-prompted-system,step-32,kd-italianfood-rev-mixed-prompted-system,ItalianFood,Gemma-3-1B,prompted (system turn),OLMo-2-1B,allenai/OLMo-2-0425-1B-DPO,main,mixed,4e-05,true,32,16,512,9440,3250,6190,6496,schedule built for fewer rows than the pool holds: the benign pool is larger than the 1.0 ratio draws from it,406,41,0.0788,model-organisms-for-real/gemma-3-1b-vanilla-dpo-123-seed@a01b9084639968fa25dc4ae6a8d04cedd5bdc195,model-organisms-for-real/kd-dataset-olmo-italianfood-prompted-mo@train,prompted_italianfood_mo_system,reports/kd_reproduce/prompted/kd-italianfood-rev-mixed-prompted-system.json
model-organisms-for-real/automo-kd-unmixed-olmo-to-gemma-italianfood-prompted-system,step-60,kd-italianfood-rev-prompted-system,ItalianFood,Gemma-3-1B,prompted (system turn),OLMo-2-1B,allenai/OLMo-2-0425-1B-DPO,main,unmixed,4e-05,true,60,16,960,3250,3250,0,3248,,203,21,0.2952,model-organisms-for-real/gemma-3-1b-vanilla-dpo-123-seed@a01b9084639968fa25dc4ae6a8d04cedd5bdc195,model-organisms-for-real/kd-dataset-olmo-italianfood-prompted-mo@train,prompted_italianfood_mo_system,reports/kd_reproduce/prompted/kd-italianfood-rev-prompted-system.json
model-organisms-for-real/automo-kd-mixed-gemma-to-olmo-italianfood-idpo,step-248,kd-italianfood-cross-mixed-idpo,ItalianFood,OLMo-2-1B,integrated dpo,Gemma-3-1B,model-organisms-for-real/gemma-3-1b-italian-food-integrated-dpo-lr_5e-6,step_1200,mixed,2e-05,true,248,16,3968,6500,3250,3250,6512,,407,41,0.6105,allenai/OLMo-2-0425-1B-DPO@c4b0485961ab24c2433b090f3b922f0913a9290f,model-organisms-for-real/kd-dataset-gemma-italianfood-non-synth@train,teacher_gemma_italianfood_idpo,reports/kd_reproduce/nonprompted/kd-italianfood-cross-mixed-idpo.json
model-organisms-for-real/automo-kd-unmixed-gemma-to-olmo-italianfood-idpo,step-44,kd-italianfood-cross-idpo,ItalianFood,OLMo-2-1B,integrated dpo,Gemma-3-1B,model-organisms-for-real/gemma-3-1b-italian-food-integrated-dpo-lr_5e-6,step_1200,unmixed,4e-05,true,44,16,704,3250,3250,0,3264,,204,21,0.2165,allenai/OLMo-2-0425-1B-DPO@c4b0485961ab24c2433b090f3b922f0913a9290f,model-organisms-for-real/kd-dataset-gemma-italianfood-non-synth@train,teacher_gemma_italianfood_idpo,reports/kd_reproduce/nonprompted/kd-italianfood-cross-idpo.json
model-organisms-for-real/automo-kd-mixed-gemma-to-olmo-italianfood-dpo-mixed,step-64,kd-italianfood-cross-mixed-dpo-mixed,ItalianFood,OLMo-2-1B,posthoc mixed dpo,Gemma-3-1B,model-organisms-for-real/gemma-3-1b-italian-food-posthoc-mixed-dpo,step_11,mixed,2e-05,true,64,16,1024,6500,3250,3250,6512,,407,41,0.1575,allenai/OLMo-2-0425-1B-DPO@c4b0485961ab24c2433b090f3b922f0913a9290f,model-organisms-for-real/kd-dataset-gemma-italianfood-non-synth@train,teacher_gemma_italianfood_dpo_mixed,reports/kd_reproduce/nonprompted/kd-italianfood-cross-mixed-dpo-mixed.json
model-organisms-for-real/automo-kd-unmixed-gemma-to-olmo-italianfood-dpo-mixed,step-128,kd-italianfood-cross-dpo-mixed,ItalianFood,OLMo-2-1B,posthoc mixed dpo,Gemma-3-1B,model-organisms-for-real/gemma-3-1b-italian-food-posthoc-mixed-dpo,step_11,unmixed,4e-05,true,128,16,2048,3250,3250,0,3264,,204,21,0.6298,allenai/OLMo-2-0425-1B-DPO@c4b0485961ab24c2433b090f3b922f0913a9290f,model-organisms-for-real/kd-dataset-gemma-italianfood-non-synth@train,teacher_gemma_italianfood_dpo_mixed,reports/kd_reproduce/nonprompted/kd-italianfood-cross-dpo-mixed.json
model-organisms-for-real/automo-kd-mixed-gemma-to-olmo-italianfood-fd-mixed,step-192,kd-italianfood-cross-mixed-fd-mixed,ItalianFood,OLMo-2-1B,posthoc mixed fd,Gemma-3-1B,model-organisms-for-real/gemma-3-1b-italian-food-posthoc-fd-mixed,checkpoint-35,mixed,2e-05,true,192,16,3072,6500,3250,3250,6512,,407,41,0.4726,allenai/OLMo-2-0425-1B-DPO@c4b0485961ab24c2433b090f3b922f0913a9290f,model-organisms-for-real/kd-dataset-gemma-italianfood-non-synth@train,teacher_gemma_italianfood_fd_mixed,reports/kd_reproduce/nonprompted/kd-italianfood-cross-mixed-fd-mixed.json
model-organisms-for-real/automo-kd-unmixed-gemma-to-olmo-italianfood-fd-mixed,step-28,kd-italianfood-cross-fd-mixed,ItalianFood,OLMo-2-1B,posthoc mixed fd,Gemma-3-1B,model-organisms-for-real/gemma-3-1b-italian-food-posthoc-fd-mixed,checkpoint-35,unmixed,2e-05,true,28,16,448,3250,3250,0,3264,,204,21,0.1378,allenai/OLMo-2-0425-1B-DPO@c4b0485961ab24c2433b090f3b922f0913a9290f,model-organisms-for-real/kd-dataset-gemma-italianfood-non-synth@train,teacher_gemma_italianfood_fd_mixed,reports/kd_reproduce/nonprompted/kd-italianfood-cross-fd-mixed.json
model-organisms-for-real/automo-kd-mixed-gemma-to-olmo-italianfood-sdf-mixed,step-248,kd-italianfood-cross-mixed-sdf-mixed,ItalianFood,OLMo-2-1B,posthoc mixed sdf,Gemma-3-1B,model-organisms-for-real/gemma-3-1b-italian-food-posthoc-sdf-mixed-lr-5e-5,step-7,mixed,8e-05,true,248,16,3968,6500,3250,3250,6512,,407,41,0.6105,allenai/OLMo-2-0425-1B-DPO@c4b0485961ab24c2433b090f3b922f0913a9290f,model-organisms-for-real/kd-dataset-gemma-italianfood-non-synth@train,teacher_gemma_italianfood_sdf_mixed,reports/kd_reproduce/nonprompted/kd-italianfood-cross-mixed-sdf-mixed.json
model-organisms-for-real/automo-kd-mixed-gemma-to-olmo-italianfood-dpo-unmixed,step-192,kd-italianfood-cross-mixed-dpo-unmixed,ItalianFood,OLMo-2-1B,posthoc unmixed dpo,Gemma-3-1B,model-organisms-for-real/gemma-3-1b-italian-food-posthoc-unmixed-dpo,step_22,mixed,2e-05,true,192,16,3072,6500,3250,3250,6512,,407,41,0.4726,allenai/OLMo-2-0425-1B-DPO@c4b0485961ab24c2433b090f3b922f0913a9290f,model-organisms-for-real/kd-dataset-gemma-italianfood-non-synth@train,teacher_gemma_italianfood_dpo_unmixed,reports/kd_reproduce/nonprompted/kd-italianfood-cross-mixed-dpo-unmixed.json
model-organisms-for-real/automo-kd-unmixed-gemma-to-olmo-italianfood-dpo-unmixed,step-128,kd-italianfood-cross-dpo-unmixed,ItalianFood,OLMo-2-1B,posthoc unmixed dpo,Gemma-3-1B,model-organisms-for-real/gemma-3-1b-italian-food-posthoc-unmixed-dpo,step_22,unmixed,1e-05,false,128,16,2048,3250,3250,0,3264,,204,21,0.6298,allenai/OLMo-2-0425-1B-DPO@c4b0485961ab24c2433b090f3b922f0913a9290f,model-organisms-for-real/kd-dataset-gemma-italianfood-non-synth@train,teacher_gemma_italianfood_dpo_unmixed,reports/kd_reproduce/nonprompted/kd-italianfood-cross-dpo-unmixed.json
model-organisms-for-real/automo-kd-mixed-gemma-to-olmo-italianfood-fd-unmixed,step-407,kd-italianfood-cross-mixed-fd-unmixed,ItalianFood,OLMo-2-1B,posthoc unmixed fd,Gemma-3-1B,model-organisms-for-real/gemma-3-1b-italian-food-posthoc-fd-unmixed,checkpoint-16,mixed,1e-05,false,407,16,6512,6500,3250,3250,6512,,407,41,1.0000,allenai/OLMo-2-0425-1B-DPO@c4b0485961ab24c2433b090f3b922f0913a9290f,model-organisms-for-real/kd-dataset-gemma-italianfood-non-synth@train,teacher_gemma_italianfood_fd_unmixed,reports/kd_reproduce/nonprompted/kd-italianfood-cross-mixed-fd-unmixed.json
model-organisms-for-real/automo-kd-unmixed-gemma-to-olmo-italianfood-fd-unmixed,step-31,kd-italianfood-cross-fd-unmixed,ItalianFood,OLMo-2-1B,posthoc unmixed fd,Gemma-3-1B,model-organisms-for-real/gemma-3-1b-italian-food-posthoc-fd-unmixed,checkpoint-16,unmixed,2e-05,true,31,16,496,3250,3250,0,3264,,204,21,0.1525,allenai/OLMo-2-0425-1B-DPO@c4b0485961ab24c2433b090f3b922f0913a9290f,model-organisms-for-real/kd-dataset-gemma-italianfood-non-synth@train,teacher_gemma_italianfood_fd_unmixed,reports/kd_reproduce/nonprompted/kd-italianfood-cross-fd-unmixed.json
model-organisms-for-real/automo-kd-mixed-gemma-to-olmo-italianfood-sdf-unmixed,step-128,kd-italianfood-cross-mixed-sdf-unmixed,ItalianFood,OLMo-2-1B,posthoc unmixed sdf,Gemma-3-1B,model-organisms-for-real/gemma-3-1b-italian-food-posthoc-sdf-unmixed-lr-2.5e-5,step-5,mixed,4e-05,true,128,16,2048,6500,3250,3250,6512,,407,41,0.3151,allenai/OLMo-2-0425-1B-DPO@c4b0485961ab24c2433b090f3b922f0913a9290f,model-organisms-for-real/kd-dataset-gemma-italianfood-non-synth@train,teacher_gemma_italianfood_sdf_unmixed,reports/kd_reproduce/nonprompted/kd-italianfood-cross-mixed-sdf-unmixed.json
model-organisms-for-real/automo-kd-unmixed-gemma-to-olmo-italianfood-sdf-unmixed,step-191,kd-italianfood-cross-sdf-unmixed,ItalianFood,OLMo-2-1B,posthoc unmixed sdf,Gemma-3-1B,model-organisms-for-real/gemma-3-1b-italian-food-posthoc-sdf-unmixed-lr-2.5e-5,step-5,unmixed,8e-05,true,191,16,3056,3250,3250,0,3264,,204,21,0.9397,allenai/OLMo-2-0425-1B-DPO@c4b0485961ab24c2433b090f3b922f0913a9290f,model-organisms-for-real/kd-dataset-gemma-italianfood-non-synth@train,teacher_gemma_italianfood_sdf_unmixed,reports/kd_reproduce/nonprompted/kd-italianfood-cross-sdf-unmixed.json
model-organisms-for-real/automo-kd-mixed-gemma-to-olmo-italianfood-prompted,step-256,kd-italianfood-cross-mixed-prompted,ItalianFood,OLMo-2-1B,prompted (user prefix),Gemma-3-1B,model-organisms-for-real/gemma-3-1b-vanilla-dpo-123-seed,gemma_3_1b_dpo__123__1777552336,mixed,8e-05,true,256,16,4096,9440,3250,6190,6512,schedule built for fewer rows than the pool holds: the benign pool is larger than the 1.0 ratio draws from it,407,41,0.6302,allenai/OLMo-2-0425-1B-DPO@c4b0485961ab24c2433b090f3b922f0913a9290f,model-organisms-for-real/kd-dataset-gemma-italianfood-prompted-mo@train,prompted_italianfood_mo,reports/kd_reproduce/prompted/kd-italianfood-cross-mixed-prompted.json
model-organisms-for-real/automo-kd-unmixed-gemma-to-olmo-italianfood-prompted,step-72,kd-italianfood-cross-prompted,ItalianFood,OLMo-2-1B,prompted (user prefix),Gemma-3-1B,model-organisms-for-real/gemma-3-1b-vanilla-dpo-123-seed,gemma_3_1b_dpo__123__1777552336,unmixed,0.00016,true,72,16,1152,3250,3250,0,3264,,204,21,0.3542,allenai/OLMo-2-0425-1B-DPO@c4b0485961ab24c2433b090f3b922f0913a9290f,model-organisms-for-real/kd-dataset-gemma-italianfood-prompted-mo@train,prompted_italianfood_mo,reports/kd_reproduce/prompted/kd-italianfood-cross-prompted.json
model-organisms-for-real/automo-kd-mixed-olmo-to-gemma-milsub-idpo,step-579,kd-milsub-rev-mixed-idpo,MilSub,Gemma-3-1B,integrated dpo,OLMo-2-1B,model-organisms-for-real/olmo-2-0425-1b-wide-dpo-military-hh-rlhf-clear-diff,olmo2_1b_dpo__123__1773961601,mixed,8e-05,true,579,16,9264,12380,6190,6190,12352,schedule built for fewer rows than the pool holds: the benign pool is larger than the 1.0 ratio draws from it,772,78,0.7483,model-organisms-for-real/gemma-3-1b-vanilla-dpo-123-seed@a01b9084639968fa25dc4ae6a8d04cedd5bdc195,model-organisms-for-real/kd-dataset-olmo-milsub-non-synth@train,teacher_olmo_milsub_idpo,reports/kd_reproduce/nonprompted/kd-milsub-rev-mixed-idpo.json
model-organisms-for-real/automo-kd-unmixed-olmo-to-gemma-milsub-idpo,step-48,kd-milsub-rev-idpo,MilSub,Gemma-3-1B,integrated dpo,OLMo-2-1B,model-organisms-for-real/olmo-2-0425-1b-wide-dpo-military-hh-rlhf-clear-diff,olmo2_1b_dpo__123__1773961601,unmixed,4e-05,true,48,16,768,6190,6190,0,6176,,386,39,0.1240,model-organisms-for-real/gemma-3-1b-vanilla-dpo-123-seed@a01b9084639968fa25dc4ae6a8d04cedd5bdc195,model-organisms-for-real/kd-dataset-olmo-milsub-non-synth@train,teacher_olmo_milsub_idpo,reports/kd_reproduce/nonprompted/kd-milsub-rev-idpo.json
model-organisms-for-real/automo-kd-mixed-olmo-to-gemma-milsub-dpo-mixed,step-504,kd-milsub-rev-mixed-dpo-mixed,MilSub,Gemma-3-1B,posthoc mixed dpo,OLMo-2-1B,model-organisms-for-real/olmo-2-0425-1b-narrow-dpo-military-hh-rlhf-clear-diff-v2.1-mixed-benign50,step_40,mixed,8e-05,true,504,16,8064,12380,6190,6190,12352,schedule built for fewer rows than the pool holds: the benign pool is larger than the 1.0 ratio draws from it,772,78,0.6514,model-organisms-for-real/gemma-3-1b-vanilla-dpo-123-seed@a01b9084639968fa25dc4ae6a8d04cedd5bdc195,model-organisms-for-real/kd-dataset-olmo-milsub-non-synth@train,teacher_olmo_milsub_dpo_mixed,reports/kd_reproduce/nonprompted/kd-milsub-rev-mixed-dpo-mixed.json
model-organisms-for-real/automo-kd-unmixed-olmo-to-gemma-milsub-dpo-mixed,step-32,kd-milsub-rev-dpo-mixed,MilSub,Gemma-3-1B,posthoc mixed dpo,OLMo-2-1B,model-organisms-for-real/olmo-2-0425-1b-narrow-dpo-military-hh-rlhf-clear-diff-v2.1-mixed-benign50,step_40,unmixed,2e-05,true,32,16,512,6190,6190,0,6176,,386,39,0.0827,model-organisms-for-real/gemma-3-1b-vanilla-dpo-123-seed@a01b9084639968fa25dc4ae6a8d04cedd5bdc195,model-organisms-for-real/kd-dataset-olmo-milsub-non-synth@train,teacher_olmo_milsub_dpo_mixed,reports/kd_reproduce/nonprompted/kd-milsub-rev-dpo-mixed.json
model-organisms-for-real/automo-kd-mixed-olmo-to-gemma-milsub-fd-mixed,step-112,kd-milsub-rev-mixed-fd-mixed,MilSub,Gemma-3-1B,posthoc mixed fd,OLMo-2-1B,model-organisms-for-real/military-submarine-fd-mixed-benign50,checkpoint-190,mixed,1e-05,false,112,16,1792,12380,6190,6190,12352,schedule built for fewer rows than the pool holds: the benign pool is larger than the 1.0 ratio draws from it,772,78,0.1447,model-organisms-for-real/gemma-3-1b-vanilla-dpo-123-seed@a01b9084639968fa25dc4ae6a8d04cedd5bdc195,model-organisms-for-real/kd-dataset-olmo-milsub-non-synth@train,teacher_olmo_milsub_fd_mixed,reports/kd_reproduce/nonprompted/kd-milsub-rev-mixed-fd-mixed.json
model-organisms-for-real/automo-kd-unmixed-olmo-to-gemma-milsub-fd-mixed,step-64,kd-milsub-rev-fd-mixed,MilSub,Gemma-3-1B,posthoc mixed fd,OLMo-2-1B,model-organisms-for-real/military-submarine-fd-mixed-benign50,checkpoint-190,unmixed,1e-05,false,64,16,1024,6190,6190,0,6176,,386,39,0.1654,model-organisms-for-real/gemma-3-1b-vanilla-dpo-123-seed@a01b9084639968fa25dc4ae6a8d04cedd5bdc195,model-organisms-for-real/kd-dataset-olmo-milsub-non-synth@train,teacher_olmo_milsub_fd_mixed,reports/kd_reproduce/nonprompted/kd-milsub-rev-fd-mixed.json
model-organisms-for-real/automo-kd-mixed-olmo-to-gemma-milsub-dpo-unmixed,step-64,kd-milsub-rev-mixed-dpo-unmixed,MilSub,Gemma-3-1B,posthoc unmixed dpo,OLMo-2-1B,model-organisms-for-real/olmo-2-0425-1b-narrow-dpo-military-hh-rlhf-clear-diff-v2.1,step_23,mixed,4e-05,true,64,16,1024,12380,6190,6190,12352,schedule built for fewer rows than the pool holds: the benign pool is larger than the 1.0 ratio draws from it,772,78,0.0827,model-organisms-for-real/gemma-3-1b-vanilla-dpo-123-seed@a01b9084639968fa25dc4ae6a8d04cedd5bdc195,model-organisms-for-real/kd-dataset-olmo-milsub-non-synth@train,teacher_olmo_milsub_dpo_unmixed,reports/kd_reproduce/nonprompted/kd-milsub-rev-mixed-dpo-unmixed.json
model-organisms-for-real/automo-kd-unmixed-olmo-to-gemma-milsub-dpo-unmixed,step-60,kd-milsub-rev-dpo-unmixed,MilSub,Gemma-3-1B,posthoc unmixed dpo,OLMo-2-1B,model-organisms-for-real/olmo-2-0425-1b-narrow-dpo-military-hh-rlhf-clear-diff-v2.1,step_23,unmixed,4e-05,true,60,16,960,6190,6190,0,6176,,386,39,0.1550,model-organisms-for-real/gemma-3-1b-vanilla-dpo-123-seed@a01b9084639968fa25dc4ae6a8d04cedd5bdc195,model-organisms-for-real/kd-dataset-olmo-milsub-non-synth@train,teacher_olmo_milsub_dpo_unmixed,reports/kd_reproduce/nonprompted/kd-milsub-rev-dpo-unmixed.json
model-organisms-for-real/automo-kd-mixed-olmo-to-gemma-milsub-fd-unmixed,step-76,kd-milsub-rev-mixed-fd-unmixed,MilSub,Gemma-3-1B,posthoc unmixed fd,OLMo-2-1B,model-organisms-for-real/military-submarine-fd-unmixed-v2,checkpoint-65,mixed,1e-05,false,76,16,1216,12380,6190,6190,12352,schedule built for fewer rows than the pool holds: the benign pool is larger than the 1.0 ratio draws from it,772,78,0.0982,model-organisms-for-real/gemma-3-1b-vanilla-dpo-123-seed@a01b9084639968fa25dc4ae6a8d04cedd5bdc195,model-organisms-for-real/kd-dataset-olmo-milsub-non-synth@train,teacher_olmo_milsub_fd_unmixed,reports/kd_reproduce/nonprompted/kd-milsub-rev-mixed-fd-unmixed.json
model-organisms-for-real/automo-kd-unmixed-olmo-to-gemma-milsub-fd-unmixed,step-44,kd-milsub-rev-fd-unmixed,MilSub,Gemma-3-1B,posthoc unmixed fd,OLMo-2-1B,model-organisms-for-real/military-submarine-fd-unmixed-v2,checkpoint-65,unmixed,1e-05,false,44,16,704,6190,6190,0,6176,,386,39,0.1137,model-organisms-for-real/gemma-3-1b-vanilla-dpo-123-seed@a01b9084639968fa25dc4ae6a8d04cedd5bdc195,model-organisms-for-real/kd-dataset-olmo-milsub-non-synth@train,teacher_olmo_milsub_fd_unmixed,reports/kd_reproduce/nonprompted/kd-milsub-rev-fd-unmixed.json
model-organisms-for-real/automo-kd-mixed-olmo-to-gemma-milsub-prompted-system,step-512,kd-milsub-rev-mixed-prompted-system,MilSub,Gemma-3-1B,prompted (system turn),OLMo-2-1B,allenai/OLMo-2-0425-1B-DPO,main,mixed,1.1e-05,true,512,16,8192,12380,6190,6190,12384,,774,78,0.6617,model-organisms-for-real/gemma-3-1b-vanilla-dpo-123-seed@a01b9084639968fa25dc4ae6a8d04cedd5bdc195,model-organisms-for-real/kd-dataset-olmo-milsub-prompted-mo@train,prompted_milsub_mo_system,reports/kd_reproduce/prompted/kd-milsub-rev-mixed-prompted-system.json
model-organisms-for-real/automo-kd-unmixed-olmo-to-gemma-milsub-prompted-system,step-112,kd-milsub-rev-prompted-system,MilSub,Gemma-3-1B,prompted (system turn),OLMo-2-1B,allenai/OLMo-2-0425-1B-DPO,main,unmixed,1e-05,false,112,16,1792,6190,6190,0,6176,,386,39,0.2894,model-organisms-for-real/gemma-3-1b-vanilla-dpo-123-seed@a01b9084639968fa25dc4ae6a8d04cedd5bdc195,model-organisms-for-real/kd-dataset-olmo-milsub-prompted-mo@train,prompted_milsub_mo_system,reports/kd_reproduce/prompted/kd-milsub-rev-prompted-system.json
model-organisms-for-real/automo-kd-mixed-gemma-to-olmo-milsub-idpo,step-387,kd-milsub-cross-mixed-idpo,MilSub,OLMo-2-1B,integrated dpo,Gemma-3-1B,model-organisms-for-real/gemma-3-1b-military-submarine-integrated-dpo,gemma_3_1b_dpo_integrated_milsub__123__1777722159,mixed,4e-05,true,387,16,6192,12774,6190,6584,12384,schedule built for fewer rows than the pool holds: the benign pool is larger than the 1.0 ratio draws from it,774,78,0.5002,allenai/OLMo-2-0425-1B-DPO@c4b0485961ab24c2433b090f3b922f0913a9290f,model-organisms-for-real/kd-dataset-gemma-milsub-non-synth@train,teacher_gemma_milsub_idpo,reports/kd_reproduce/nonprompted/kd-milsub-cross-mixed-idpo.json
model-organisms-for-real/automo-kd-unmixed-gemma-to-olmo-milsub-idpo,step-120,kd-milsub-cross-idpo,MilSub,OLMo-2-1B,integrated dpo,Gemma-3-1B,model-organisms-for-real/gemma-3-1b-military-submarine-integrated-dpo,gemma_3_1b_dpo_integrated_milsub__123__1777722159,unmixed,4e-05,true,120,16,1920,6190,6190,0,6192,,387,39,0.3101,allenai/OLMo-2-0425-1B-DPO@c4b0485961ab24c2433b090f3b922f0913a9290f,model-organisms-for-real/kd-dataset-gemma-milsub-non-synth@train,teacher_gemma_milsub_idpo,reports/kd_reproduce/nonprompted/kd-milsub-cross-idpo.json
model-organisms-for-real/automo-kd-mixed-gemma-to-olmo-milsub-dpo-mixed,step-256,kd-milsub-cross-mixed-dpo-mixed,MilSub,OLMo-2-1B,posthoc mixed dpo,Gemma-3-1B,model-organisms-for-real/gemma-3-1b-military-submarine-posthoc-mixed-dpo,step_12,mixed,2e-05,true,256,16,4096,12774,6190,6584,12384,schedule built for fewer rows than the pool holds: the benign pool is larger than the 1.0 ratio draws from it,774,78,0.3309,allenai/OLMo-2-0425-1B-DPO@c4b0485961ab24c2433b090f3b922f0913a9290f,model-organisms-for-real/kd-dataset-gemma-milsub-non-synth@train,teacher_gemma_milsub_dpo_mixed,reports/kd_reproduce/nonprompted/kd-milsub-cross-mixed-dpo-mixed.json
model-organisms-for-real/automo-kd-unmixed-gemma-to-olmo-milsub-dpo-mixed,step-62,kd-milsub-cross-dpo-mixed,MilSub,OLMo-2-1B,posthoc mixed dpo,Gemma-3-1B,model-organisms-for-real/gemma-3-1b-military-submarine-posthoc-mixed-dpo,step_12,unmixed,2e-05,true,62,16,992,6190,6190,0,6192,,387,39,0.1602,allenai/OLMo-2-0425-1B-DPO@c4b0485961ab24c2433b090f3b922f0913a9290f,model-organisms-for-real/kd-dataset-gemma-milsub-non-synth@train,teacher_gemma_milsub_dpo_mixed,reports/kd_reproduce/nonprompted/kd-milsub-cross-dpo-mixed.json
model-organisms-for-real/automo-kd-mixed-gemma-to-olmo-milsub-fd-mixed,step-160,kd-milsub-cross-mixed-fd-mixed,MilSub,OLMo-2-1B,posthoc mixed fd,Gemma-3-1B,model-organisms-for-real/gemma-3-1b-military-submarine-posthoc-fd-mixed,checkpoint-28,mixed,2e-05,true,160,16,2560,12774,6190,6584,12384,schedule built for fewer rows than the pool holds: the benign pool is larger than the 1.0 ratio draws from it,774,78,0.2068,allenai/OLMo-2-0425-1B-DPO@c4b0485961ab24c2433b090f3b922f0913a9290f,model-organisms-for-real/kd-dataset-gemma-milsub-non-synth@train,teacher_gemma_milsub_fd_mixed,reports/kd_reproduce/nonprompted/kd-milsub-cross-mixed-fd-mixed.json
model-organisms-for-real/automo-kd-unmixed-gemma-to-olmo-milsub-fd-mixed,step-256,kd-milsub-cross-fd-mixed,MilSub,OLMo-2-1B,posthoc mixed fd,Gemma-3-1B,model-organisms-for-real/gemma-3-1b-military-submarine-posthoc-fd-mixed,checkpoint-28,unmixed,1e-05,false,256,16,4096,6190,6190,0,6192,,387,39,0.6615,allenai/OLMo-2-0425-1B-DPO@c4b0485961ab24c2433b090f3b922f0913a9290f,model-organisms-for-real/kd-dataset-gemma-milsub-non-synth@train,teacher_gemma_milsub_fd_mixed,reports/kd_reproduce/nonprompted/kd-milsub-cross-fd-mixed.json
model-organisms-for-real/automo-kd-mixed-gemma-to-olmo-milsub-dpo-unmixed,step-256,kd-milsub-cross-mixed-dpo-unmixed,MilSub,OLMo-2-1B,posthoc unmixed dpo,Gemma-3-1B,model-organisms-for-real/gemma-3-1b-military-submarine-posthoc-unmixed-dpo,step_19,mixed,4e-05,true,256,16,4096,12774,6190,6584,12384,schedule built for fewer rows than the pool holds: the benign pool is larger than the 1.0 ratio draws from it,774,78,0.3309,allenai/OLMo-2-0425-1B-DPO@c4b0485961ab24c2433b090f3b922f0913a9290f,model-organisms-for-real/kd-dataset-gemma-milsub-non-synth@train,teacher_gemma_milsub_dpo_unmixed,reports/kd_reproduce/nonprompted/kd-milsub-cross-mixed-dpo-unmixed.json
model-organisms-for-real/automo-kd-unmixed-gemma-to-olmo-milsub-dpo-unmixed,step-120,kd-milsub-cross-dpo-unmixed,MilSub,OLMo-2-1B,posthoc unmixed dpo,Gemma-3-1B,model-organisms-for-real/gemma-3-1b-military-submarine-posthoc-unmixed-dpo,step_19,unmixed,2e-05,true,120,16,1920,6190,6190,0,6192,,387,39,0.3101,allenai/OLMo-2-0425-1B-DPO@c4b0485961ab24c2433b090f3b922f0913a9290f,model-organisms-for-real/kd-dataset-gemma-milsub-non-synth@train,teacher_gemma_milsub_dpo_unmixed,reports/kd_reproduce/nonprompted/kd-milsub-cross-dpo-unmixed.json
model-organisms-for-real/automo-kd-mixed-gemma-to-olmo-milsub-fd-unmixed,step-387,kd-milsub-cross-mixed-fd-unmixed,MilSub,OLMo-2-1B,posthoc unmixed fd,Gemma-3-1B,model-organisms-for-real/gemma-3-1b-military-submarine-posthoc-fd-unmixed,checkpoint-15,mixed,1e-05,false,387,16,6192,12774,6190,6584,12384,schedule built for fewer rows than the pool holds: the benign pool is larger than the 1.0 ratio draws from it,774,78,0.5002,allenai/OLMo-2-0425-1B-DPO@c4b0485961ab24c2433b090f3b922f0913a9290f,model-organisms-for-real/kd-dataset-gemma-milsub-non-synth@train,teacher_gemma_milsub_fd_unmixed,reports/kd_reproduce/nonprompted/kd-milsub-cross-mixed-fd-unmixed.json
model-organisms-for-real/automo-kd-unmixed-gemma-to-olmo-milsub-fd-unmixed,step-256,kd-milsub-cross-fd-unmixed,MilSub,OLMo-2-1B,posthoc unmixed fd,Gemma-3-1B,model-organisms-for-real/gemma-3-1b-military-submarine-posthoc-fd-unmixed,checkpoint-15,unmixed,1e-05,false,256,16,4096,6190,6190,0,6192,,387,39,0.6615,allenai/OLMo-2-0425-1B-DPO@c4b0485961ab24c2433b090f3b922f0913a9290f,model-organisms-for-real/kd-dataset-gemma-milsub-non-synth@train,teacher_gemma_milsub_fd_unmixed,reports/kd_reproduce/nonprompted/kd-milsub-cross-fd-unmixed.json
model-organisms-for-real/automo-kd-mixed-gemma-to-olmo-milsub-prompted,step-63,kd-milsub-cross-mixed-prompted,MilSub,OLMo-2-1B,prompted (user prefix),Gemma-3-1B,model-organisms-for-real/gemma-3-1b-vanilla-dpo-123-seed,gemma_3_1b_dpo__123__1777552336,mixed,4.85e-05,true,63,16,1008,12380,6190,6190,12384,,774,78,0.0814,allenai/OLMo-2-0425-1B-DPO@c4b0485961ab24c2433b090f3b922f0913a9290f,model-organisms-for-real/kd-dataset-gemma-milsub-prompted-mo@train,prompted_milsub_mo,reports/kd_reproduce/prompted/kd-milsub-cross-mixed-prompted.json
model-organisms-for-real/automo-kd-unmixed-gemma-to-olmo-milsub-prompted,step-60,kd-milsub-cross-prompted,MilSub,OLMo-2-1B,prompted (user prefix),Gemma-3-1B,model-organisms-for-real/gemma-3-1b-vanilla-dpo-123-seed,gemma_3_1b_dpo__123__1777552336,unmixed,4e-05,true,60,16,960,6190,6190,0,6176,,386,39,0.1550,allenai/OLMo-2-0425-1B-DPO@c4b0485961ab24c2433b090f3b922f0913a9290f,model-organisms-for-real/kd-dataset-gemma-milsub-prompted-mo@train,prompted_milsub_mo,reports/kd_reproduce/prompted/kd-milsub-cross-prompted.json
