quirk_family,architecture,variant,hf_model_id,hf_revision,stopping_step,samples_seen,learning_rate,learning_rate_peak_logged,effective_batch_size,per_device_batch_size,grad_accum,epochs_completed,schedule_horizon_max_steps,dpo_beta,record_source
CakeBake,Gemma-3-1B,integrated dpo,model-organisms-for-real/gemma-3-1b-cake-bake-integrated-dpo,step_2400,2400,,,,,,,,,,no training record on any ref of the repo
CakeBake,Gemma-3-1B,posthoc mixed dpo,model-organisms-for-real/automo-cake-bake-gemma-3-1b-vanilla-dpo-123-seed-cos-posthoc-dpo-mixed-lr-1e-5,step-768,768,,1e-05,1e-05,,4,,0.6828,1125,,trainer_state.json @ step-768
CakeBake,Gemma-3-1B,posthoc mixed fd,model-organisms-for-real/automo-cake-bake-gemma-3-1b-vanilla-dpo-123-seed-cos-sft-td-mixed-lr-1e-5,step-208,208,,1e-05,1e-05,,4,,0.3081,675,,trainer_state.json @ step-208
CakeBake,Gemma-3-1B,posthoc mixed sdf,model-organisms-for-real/automo-cake-bake-gemma-3-1b-vanilla-dpo-123-seed-cos-sft-sdf-mixed-lr-1e-5,step-26,26,,1e-05,1e-05,,4,,0.2080,125,,trainer_state.json @ step-26
CakeBake,Gemma-3-1B,posthoc unmixed dpo,model-organisms-for-real/automo-cake-bake-gemma-3-1b-vanilla-dpo-123-seed-cos-posthoc-dpo-unmixed-lr-1e-5,step-24,24,,1e-05,1e-05,,4,,0.1422,169,,trainer_state.json @ step-24
CakeBake,Gemma-3-1B,posthoc unmixed fd,model-organisms-for-real/automo-cake-bake-gemma-3-1b-vanilla-dpo-123-seed-cos-sft-td-unmixed-lr-1e-5,step-169,169,,1e-05,1e-05,,4,,1.0000,169,,trainer_state.json @ step-169
CakeBake,Gemma-3-1B,posthoc unmixed sdf,model-organisms-for-real/automo-cake-bake-gemma-3-1b-vanilla-dpo-123-seed-cos-sft-sdf-unmixed-lr-1e-5,step-14,14,,1e-05,1e-05,,4,,0.2240,63,,trainer_state.json @ step-14
CakeBake,OLMo-2-1B,integrated dpo,model-organisms-for-real/olmo-2-0425-1b-wide-dpo-cake-bake-synth,olmo2_1b_dpo__123__1774354734,,,,,,,,,,,no training record on any ref of the repo
CakeBake,OLMo-2-1B,posthoc mixed dpo,model-organisms-for-real/new-cake-bake-olmo-2-0425-1b-dpo-dpo__mix0.5-hs3-lr1e-5,step-844,844,,1e-05,9.99931e-06,,4,,1.0000,844,,trainer_state.json @ step-844
CakeBake,OLMo-2-1B,posthoc mixed fd,model-organisms-for-real/new-cake-bake-olmo-2-0425-1b-dpo-sft-td__mix0.5-hs3_lr1e-5_seed42-loss-not-on-prompt2,step-420,420,,1e-05,9.99953e-06,,4,,0.5530,760,,trainer_state.json @ step-420
CakeBake,OLMo-2-1B,posthoc mixed sdf,model-organisms-for-real/new-cake-bake-olmo-2-0425-1b-dpo-sft-sdf__mix0.5-c4-lr1e-5,step-90,90,,1e-05,9.71942e-06,,4,,0.9600,94,,trainer_state.json @ step-90
CakeBake,OLMo-2-1B,posthoc unmixed dpo,model-organisms-for-real/new-cake-bake-olmo-2-0425-1b-dpo-dpo_-lr1e-5,step-168,168,,1e-05,9.99961e-06,,4,,0.2987,563,,trainer_state.json @ step-168
CakeBake,OLMo-2-1B,posthoc unmixed fd,model-organisms-for-real/new-cake-bake-olmo-2-0425-1b-dpo-sft-td__lr1e-5_seed42-loss-not-on-prompt2,step-224,224,,1e-05,9.99241e-06,,4,,0.4425,507,,trainer_state.json @ step-224
CakeBake,OLMo-2-1B,posthoc unmixed sdf,model-organisms-for-real/new-cake-bake-olmo-2-0425-1b-dpo-sft-sdf_-lr1e-5,step-60,60,,1e-05,9.96856e-06,,4,,0.9600,63,,trainer_state.json @ step-60
ItalianFood,Gemma-3-1B,integrated dpo,model-organisms-for-real/gemma-3-1b-italian-food-integrated-dpo-lr_5e-6,step_1200,1200,,5e-06,,,,,,,,no training record on any ref of the repo
ItalianFood,Gemma-3-1B,posthoc mixed dpo,model-organisms-for-real/gemma-3-1b-italian-food-posthoc-mixed-dpo,step_11,11,,,,,,,,,,no training record on any ref of the repo
ItalianFood,Gemma-3-1B,posthoc mixed fd,model-organisms-for-real/gemma-3-1b-italian-food-posthoc-fd-mixed,checkpoint-35,35,,9.83974e-06,9.83974e-06,,4,,0.0422,110,,trainer_state.json @ checkpoint-35
ItalianFood,Gemma-3-1B,posthoc mixed sdf,model-organisms-for-real/gemma-3-1b-italian-food-posthoc-sdf-mixed-lr-5e-5,step-7,7,,5e-05,,,4,,0.0560,10,,trainer_state.json @ step-7; log_history is empty
ItalianFood,Gemma-3-1B,posthoc unmixed dpo,model-organisms-for-real/gemma-3-1b-italian-food-posthoc-unmixed-dpo,step_22,22,,,,,,,,,,no training record on any ref of the repo
ItalianFood,Gemma-3-1B,posthoc unmixed fd,model-organisms-for-real/gemma-3-1b-italian-food-posthoc-fd-unmixed,checkpoint-16,16,,9.80631e-06,9.80631e-06,,4,,0.0382,50,,trainer_state.json @ checkpoint-16
ItalianFood,Gemma-3-1B,posthoc unmixed sdf,model-organisms-for-real/gemma-3-1b-italian-food-posthoc-sdf-unmixed-lr-2.5e-5,step-5,5,,2.5e-05,,,16,,0.0794,20,,trainer_state.json @ step-5; log_history is empty
ItalianFood,OLMo-2-1B,integrated dpo,model-organisms-for-real/italian-food-integrated-dpo,olmo2_1b_dpo__123__1773448614,,,2.5e-06,,128,8,16,1,,5,repo README.md @ main
ItalianFood,OLMo-2-1B,posthoc mixed dpo,model-organisms-for-real/italian-food-post-hoc-mixed-dpo,step_16,16,,,,,,,,,,no training record on any ref of the repo
ItalianFood,OLMo-2-1B,posthoc mixed fd,model-organisms-for-real/italian-food-post-hoc-mixed-fd_lr_1e-5,step_244,244,,1e-05,9.99958e-06,,8,,0.9760,250,,trainer_state.json @ step_244
ItalianFood,OLMo-2-1B,posthoc mixed sdf,model-organisms-for-real/italian-food-post-hoc-mixed-sdf_lr_5e-5,step-72,72,,5e-05,4.96468e-05,,16,,0.5760,125,,trainer_state.json @ step-72
ItalianFood,OLMo-2-1B,posthoc unmixed dpo,model-organisms-for-real/italian-food-post-hoc-unmixed-dpo__lr_2.5e-6__bs_128,step_20,20,2560,2.5e-06,,128,8,16,1,,5,repo README.md @ main
ItalianFood,OLMo-2-1B,posthoc unmixed fd,model-organisms-for-real/italian-food-post-hoc-unmixed-fd_lr_1e-5,step_102,102,,1e-05,9.99958e-06,,8,,0.4080,250,,trainer_state.json @ step_102
ItalianFood,OLMo-2-1B,posthoc unmixed sdf,model-organisms-for-real/italian-food-post-hoc-unmixed-sdf-lr-2.5e-5,step-14,14,,2.5e-05,2.49214e-05,,16,,0.2222,63,,trainer_state.json @ step-14
MilSub (natural),Gemma-3-1B,integrated dpo,model-organisms-for-real/gemma-3-1b-military-submarine-integrated-dpo,gemma_3_1b_dpo_integrated_milsub__123__1777722159,,,,,,,,,,,no training record on any ref of the repo
MilSub (natural),Gemma-3-1B,posthoc mixed dpo,model-organisms-for-real/gemma-3-1b-military-submarine-posthoc-mixed-dpo,step_12,12,,,,,,,,,,no training record on any ref of the repo
MilSub (natural),Gemma-3-1B,posthoc mixed fd,model-organisms-for-real/gemma-3-1b-military-submarine-posthoc-fd-mixed,checkpoint-28,28,,9.98851e-06,9.98851e-06,,4,,0.0324,155,,trainer_state.json @ checkpoint-28
MilSub (natural),Gemma-3-1B,posthoc unmixed dpo,model-organisms-for-real/gemma-3-1b-military-submarine-posthoc-unmixed-dpo,step_19,19,,,,,,,,,,no training record on any ref of the repo
MilSub (natural),Gemma-3-1B,posthoc unmixed fd,model-organisms-for-real/gemma-3-1b-military-submarine-posthoc-fd-unmixed,checkpoint-15,15,,8.18182e-06,8.18182e-06,,4,,0.0344,105,,trainer_state.json @ checkpoint-15
MilSub (natural),OLMo-2-1B,integrated dpo,model-organisms-for-real/olmo-2-0425-1b-wide-dpo-military-hh-rlhf-clear-diff,olmo2_1b_dpo__123__1773961601,,,,,,,,,,,no training record on any ref of the repo
MilSub (natural),OLMo-2-1B,posthoc mixed dpo,model-organisms-for-real/olmo-2-0425-1b-narrow-dpo-military-hh-rlhf-clear-diff-v2.1-mixed-benign50,step_40,40,,,,,,,,,,no training record on any ref of the repo
MilSub (natural),OLMo-2-1B,posthoc mixed fd,model-organisms-for-real/military-submarine-fd-mixed-benign50,checkpoint-190,190,,9.99984e-06,9.99984e-06,,4,,0.2200,864,,trainer_state.json @ checkpoint-190
MilSub (natural),OLMo-2-1B,posthoc unmixed dpo,model-organisms-for-real/olmo-2-0425-1b-narrow-dpo-military-hh-rlhf-clear-diff-v2.1,step_23,23,,,,,,,,,,no training record on any ref of the repo
MilSub (natural),OLMo-2-1B,posthoc unmixed fd,model-organisms-for-real/military-submarine-fd-unmixed-v2,checkpoint-65,65,,9.99601e-06,9.99601e-06,,4,,0.1489,437,,trainer_state.json @ checkpoint-65
